<?xml version="1.0" encoding="utf-8" ?>
<!DOCTYPE article PUBLIC "-//NLM//DTD JATS (Z39.96) Journal Archiving
and Interchange DTD v1.2 20190208//EN" "JATS-archivearticle1.dtd">

<article xmlns:mml="http://www.w3.org/1998/Math/MathML" xmlns:xlink="http://www.w3.org/1999/xlink" dtd-version="1.2" article-type="other">

<front>


<article-meta>


<title-group>
<article-title>ESS 330 Project Proposals</article-title>
</title-group>

<contrib-group>
<contrib contrib-type="author" corresp="yes">
<name>
<surname>Jones</surname>
<given-names>Norah</given-names>
</name>
<string-name>Norah Jones</string-name>

<role vocab="https://credit.niso.org" vocab-term="writing – original
draft" vocab-term-identifier="https://credit.niso.org/contributor-roles/writing-original-draft/">writing</role>
<xref ref-type="aff" rid="aff-1">a</xref>
<xref ref-type="corresp" rid="cor-1">&#x002A;</xref>
</contrib>
</contrib-group>
<aff id="aff-1">
<institution-wrap>
<institution>The University</institution>
</institution-wrap>







</aff>
<author-notes>
<corresp id="cor-1"></corresp>
</author-notes>









<history></history>






</article-meta>

</front>

<body>
<sec id="section">
  <title>Section</title>
  <p>This is a simple placeholder for the manuscript’s main
  document<sup><xref alt="1" rid="ref-johnson2023restructuring" ref-type="bibr">1</xref></sup>.</p>
</sec>
</body>

<back>
<ref-list>
  <title></title>
  <ref id="ref-johnson2023restructuring">
    <element-citation publication-type="article-journal">
      <person-group person-group-type="author">
        <name><surname>Johnson</surname><given-names>J Michael</given-names></name>
        <name><surname>Blodgett</surname><given-names>David L</given-names></name>
        <name><surname>Clarke</surname><given-names>Keith C</given-names></name>
        <name><surname>Pollak</surname><given-names>Jon</given-names></name>
      </person-group>
      <article-title>Restructuring and serving web-accessible streamflow data from the NOAA national water model historic simulations</article-title>
      <source>Scientific Data</source>
      <publisher-name>Nature Publishing Group UK London</publisher-name>
      <year iso-8601-date="2023">2023</year>
      <volume>10</volume>
      <issue>1</issue>
      <fpage>725</fpage>
      <lpage></lpage>
    </element-citation>
  </ref>
</ref-list>
</back>



</article>